,name,language
0,echoprint-codegen,C++
1,moob,Ruby
2,hadoop-openpgp-codec,Java
3,flume-syslog-source2,Java
4,apps-tutorial,
5,pywk,Python
6,rspec-dns,Ruby
7,duck,Ruby
8,luigi,Python
9,java-lkk,Java
10,wasd,Java
11,vdisk,Python
12,linux,C
13,condor,Java
14,jira-lkk-bridge,Java
15,crtauth,Python
16,mace,
17,python-graphwalker,Python
18,annoy,C++
19,netty-zmtp,Java
20,snakebite,Python
21,boilerplate-app,
22,hdfs2cass,Java
23,visualizer-app,
24,dockerfile-mode,Emacs Lisp
25,sparkey,C
26,jsconfeu-2013,JavaScript
27,sparkey-python,Python
28,collectd,C
29,spotify-js-challenge,JavaScript
30,dh-virtualenv,Python
31,sparkey-java,Java
32,lingon,JavaScript
33,trickle,Java
34,mlockexec,Python
35,docker-stress,Python
36,rspec-dnsruby,Ruby
37,ffwd-ruby,Ruby
38,tutter-jenkins,Ruby
39,kairosdb,Java
40,metrics-munin-reporter,Java
41,certcheck,Python
42,daemon-java,Java
43,dns-java,Java
44,SPStackedNav,Objective-C
45,lyceum,Clojure
46,logging-java,Java
47,sprunch,Scala
48,web-api-examples,HTML
49,helios,Java
50,robolectric,Java
51,ffwd-client-java,Java
52,docker-client,Java
53,sekexe,Shell
54,syslog-redirector,Go
55,JniHelpers,C++
56,container-agent,Python
57,docker-gc,Shell
58,docker-maven-plugin,Java
59,quickstart,JavaScript
60,helios-skydns,Java
61,etcd,Go
62,skydns,
63,docker-cassandra,Shell
64,elasticsearch-index-window,Java
65,docgenerator,Java
66,pyschema,Python
67,crtauth-java,Java
68,syslog-redirector-golang,Go
69,batty,Python
70,helios-go,Go
71,backup-utils,Shell
72,docker-kafka,Shell
73,skygc,Python
74,ghelog,Python
75,crunch-lib,Java
76,phpconf-argentina-2014,JavaScript
77,threaddump-analyzer,JavaScript
78,homebrew-public,Ruby
79,crtauth-java-agent-signer-apache,Java
80,cassandra-opstools,Java
81,cassandra-reaper,
82,git-test,Shell
83,pyfg,Python
84,pyeos,Python
85,SPTDataLoader,Objective-C
86,annoy-java,Java
87,ios-style,
88,folsom,Java
89,web-api,RAML
90,debify,Shell
91,futures-extra,Java
92,ffwd,Java
93,scio,Scala
94,drserv,Python
95,griffin,Python
96,kafka,Scala
97,heroic,Java
98,missinglink,Java
99,cassandra-extra,Java
100,async-datastore-client,Java
101,google-http-java-client,Java
102,async-google-pubsub-client,Java
103,postgresql-metrics,Python
104,perf-map-agent,C
105,requests-crtauth,Python
106,ssh-agent-proxy,Java
107,apollo,Java
108,DataflowJavaSDK,Java
109,flo,Java
110,spawn,Java
111,talos,Ruby
112,code-of-conduct,
113,puppet-talos,Puppet
114,reactochart,JavaScript
115,testing-game,Python
116,super-smash-brogp,Python
117,spymaster,Python
118,ios-ci,Shell
119,netty-batch-flusher,Java
120,SPTPersistentCache,Objective-C
121,big-data-rosetta-code,Scala
122,semantic-metrics,Java
123,completable-futures,Java
124,simple-bigtable,Java
125,dockerfile-maven,Java
126,fmt-maven-plugin,Java
127,apollo-metrics,
128,hush-tab,JavaScript
129,echoprint-server,Java
130,spark-bigquery,Scala
131,docker-bigtable,Go
132,s3mper,Java
133,spotify-checkstyle-config,
134,ratatool,Scala
135,scio-idea-plugin,Scala
136,gcs-tools,Scala
137,dataproc-java-submitter,Java
138,spotify-json,C++
139,HubFramework,Objective-C
140,foss-root,
141,hornet,Scala
142,bucket-runner,JavaScript
143,android-auth,HTML
144,docker-alpine,
145,apollo-elide,Java
146,styx,Java
147,ssh-agent-tls,Java
148,limbo,Scala
149,java-hamcrest,Java
150,gcp-firewall-enforcer,Python
151,gcp-audit,Python
152,hype,Java
153,dataprocxy,Python
154,hyperflo,Scala
155,redux-location-state,JavaScript
156,jenkins-coverage-poster,Groovy
157,spydra,Java
158,should-up,JavaScript
159,featran,Scala
160,scio.g8,Scala
161,SpotifyLogin,Swift
162,spotify-tensorflow,Python
163,pythonflow,Python
164,ulogger,Python
165,web-playback-sdk,
166,dbeam,Java
167,bazel-tools,Java
168,shumway,Python
169,gordon,Python
170,dataenum,Java
171,gordon-gcp,Python
172,coordinator,HTML
173,mobius,Java
174,gordon-janitor,Python
175,docker_interface,Python
176,gordon-janitor-gcp,Python
177,aioshumway,Python
178,android-sdk,HTML
179,ios-sdk,Objective-C
180,protoman,Java
181,zoltar,Java
182,okta-sdk-python,Python
183,noether,Scala
184,gordon-introspection,Python
185,scanctl,Python
186,mobius-android-sample,Java
187,gimme,Python
188,spotify-heroic-datasource,TypeScript
189,cstar,Python
190,ffwd-http-client,Java
191,scio-contrib,Scala
192,bigtable-autoscaler,Java
193,ieee-spm-vocals-tutorial,Jupyter Notebook
194,chartify,Python
195,proto-registry,TypeScript
196,comet-common,Python
197,comet-core,Python
198,comet,Python
199,heroic-client-go,Go
200,tfexample-derive,Scala
201,Mobius.swift,Swift
202,terraform-google-grr,HCL
203,ts-interface-loader,TypeScript
204,beam,Java
205,react-native-lookback,Objective-C
206,.github,
207,web-scripts,TypeScript
208,web-scripts-library-template,TypeScript
209,cartography,Python
210,polly-jest-presets,TypeScript
211,web-audio-bench,JavaScript
212,cassandra-medusa,Python
213,magnolify,Scala
214,terraform-gke-kubeflow-cluster,HCL
215,tfreader,Scala
216,heroic-client-java,Java
217,elitzur,Scala
218,squashing-census-exporter,Kotlin
219,lighthouse-audit-service,TypeScript
220,eslint-config-oss,JavaScript
221,terraform-google-aws-hybrid-cloud-vpn,HCL
222,github-java-client,Java
223,diffuser,Swift
224,cookiecutter-golang,Go
225,proto-requests,TypeScript
226,klio,Python
227,flink,Java
228,PeqBank,C
229,flink-docker,
230,android-store-service,Python
231,lemur,Python
232,XCMetrics,Swift
233,flink-on-k8s-operator,Go
234,flyte-flink-plugin,Go
235,futuristic-feline,Java
236,confidence,Python
237,pedalboard,C++
238,spotify.github.io,HTML
239,ruler,Kotlin
240,spotify-web-playback-sdk-example,JavaScript
241,XCRemoteCache,Swift
242,vispana,JavaScript
243,volcano,Go
244,soa-reference-integration,TypeScript
245,basic-pitch,Python
246,basic-pitch-ts,TypeScript
247,Vandelay,Java
248,tfx,Python
249,swupdate,
250,kernel-common,
251,uboot,
252,platform-external-bluetooth-bluez,
253,openfeature-swift-sdk,Swift
254,confidence-sdk-swift,Swift
255,realbook,Python
256,druid,
257,voyager,C++
258,openfeature-kotlin-sdk,Kotlin
259,confidence-sdk-android,Kotlin
260,spotify-web-api-ts-sdk,TypeScript
261,ios-auth,Objective-C
262,confidence-sdk-js,TypeScript
263,confidence-sdk-python,Python
264,confidence-sdk-go,Go
265,confidence-sdk-java,Java
266,soundcheck-demo-environment,TypeScript
267,confidence-sdk-rust,Rust
268,gcp-aws-iam-federation-webidentity,HCL
269,bazel,
270,confidence-sdk-flutter,Dart
271,causify,
272,conversion-api-tag-template,Smarty
273,java-locales,Java
274,argo-rollouts,
